insert into F21_S003_4_Content values('C_00001',1,'Comedy','13-Sep-15',160,'India','Pushpa');
insert into F21_S003_4_Content values('C_00002',1,'Comedy','13-Aug-16',150,'India','OmShanthiOm');
insert into F21_S003_4_Content values('C_00003',14,'Comedy','12-Jan-16',320,'UK','Friends');
insert into F21_S003_4_Content values('C_00004',16,'Comedy','13-Jan-16',300,'UK','Modern Family');
insert into F21_S003_4_Content values('C_00005',20,'Comedy','9-Jan-16',200,'UK','Big Bang Theory');
insert into F21_S003_4_Content values('C_00006',10,'Romance','14-Jan-16',150,'UK','Greys Anatomy');
insert into F21_S003_4_Content values('C_00007',18,'Romance','12-Jan-15',320,'UK','Love Sick');
insert into F21_S003_4_Content values('C_00008',15,'Romance','16-Aug-15',350,'USA','Outlander');
insert into F21_S003_4_Content values('C_00009',16,'Romance','15-Aug-15',100,'USA','Bridgerton');
insert into F21_S003_4_Content values('C_00010',17,'Romance','17-Aug-15',610,'USA','New Girl');
insert into F21_S003_4_Content values('C_00011',25,'Thriller','18-Aug-15',320,'USA','The Mentalist');
insert into F21_S003_4_Content values('C_00012',8,'Thriller','14-Sep-15',142,'USA','Dexter');
insert into F21_S003_4_Content values('C_00013',18,'Thriller','13-Sep-14',700,'India','Psych');
insert into F21_S003_4_Content values('C_00014',19,'Thriller','19-Sep-14',500,'India','House');
insert into F21_S003_4_Content values('C_00015',14,'Thriller','20-Sep-14',600,'India','The Family Man');
insert into F21_S003_4_Content values('C_00016',14,'Action','10-Sep-14',140,'Europe','Invincible');
insert into F21_S003_4_Content values('C_00017',12,'Action','16-Feb-14',320,'Europe','Chuck ');
insert into F21_S003_4_Content values('C_00018',13,'Action','17-Feb-20',780,'Europe','Hanna');
insert into F21_S003_4_Content values('C_00019',23,'Action','27-Feb-20',900,'Europe','Money Heist');
insert into F21_S003_4_Content values('C_00020',21,'Action','13-Feb-20',780,'Europe','Mirzapur');
insert into F21_S003_4_Content values('C_00021',24,'Sci-fi','26-Mar-20',980,'India','The Expanse');
insert into F21_S003_4_Content values('C_00022',28,'Sci-fi','28-Mar-20',650,'UK','Alice in Wonderland');
insert into F21_S003_4_Content values('C_00023',12,'Sci-fi','29-Mar-21',756,'UK','Solos');
insert into F21_S003_4_Content values('C_00024',18,'Sci-fi','30-Mar-21',650,'UK','Sanctuary');
insert into F21_S003_4_Content values('C_00025',15,'Sci-fi','4-Jun-21',321,'USA','Star Trek');
insert into F21_S003_4_Content values('C_00026',10,'Crime','3-Jun-21',412,'USA','White Collar');
insert into F21_S003_4_Content values('C_00027',9,'Crime','5-Jun-21',632,'USA','Jessica Jones');
insert into F21_S003_4_Content values('C_00028',10,'Crime','9-Jun-17',702,'Europe','Lucifer');
insert into F21_S003_4_Content values('C_00029',9,'Crime','11-Jun-17',980,'Europe','Criminal Minds');
insert into F21_S003_4_Content values('C_00030',10,'Crime','12-Jan-17',780,'Europe','Peaky Blinders');

------------------------------------------------------------------------------customers-----------------------------------------------------------------------------
insert into F21_S003_4_Customers values('CUST00001',2469752264,'USA','divy278@yahoo.com','25-May-1998');
insert into F21_S003_4_Customers values('CUST00002',9723046145,'India','areddy2849@gmail.com','14-Jan-1994');
insert into F21_S003_4_Customers values('CUST00003',3684902819,'Europe','lq9273@hotmail.com','10-Dec-1969');
insert into F21_S003_4_Customers values('CUST00004',6518732492,'USA','qjonas92@gmail.com','9-Mar-2001');
insert into F21_S003_4_Customers values('CUST00005',7814290674,'China','Hc780@gmail.com','17-Feb-2000');
insert into F21_S003_4_Customers values('CUST00006',1930245893,'UK','Elizabethsei1028@hotmail.com','21-oct-2009');
insert into F21_S003_4_Customers values('CUST00007',8926814025,'India','sdchowdary3947@gmail.com','13-jan-1986');
insert into F21_S003_4_Customers values('CUST00008',3782071945,'China','schan0178@gmail.com','31-May-1974');
insert into F21_S003_4_Customers values('CUST00009',4268167582,'USA','ls4365@gmail.com','4-Sep-1979');
insert into F21_S003_4_Customers values('CUST00010',9126782543,'UK','roy072@yahoo.com','20-Aug-1996');
insert into F21_S003_4_Customers values('CUST00011',7824016784,'India','hamarnath18@gmail.com','9-Apr-2004');
insert into F21_S003_4_Customers values('CUST00012',5830167813,'UK','Jone0138@hotmail.com','18-Jun-1992');
insert into F21_S003_4_Customers values('CUST00013',5920269147,'Europe','asw29@yahoo.com','11-Dec-2003');
insert into F21_S003_4_Customers values('CUST00014',2647915463,'USA','ijack01@hotmail.com','29-Aug-1973');
insert into F21_S003_4_Customers values('CUST00015',4267915642,'USA','MaryD45@gmail.com','26-Sep-2009');
insert into F21_S003_4_Customers values('CUST00016',4927630197,'Japan','jinh208@gmail.com','15-Jul-1989');
insert into F21_S003_4_Customers values('CUST00017',1820270478,'UK','Kenj97@gmail.com','14-Jun-1980');
insert into F21_S003_4_Customers values('CUST00018',1835720672,'UK','SweitD0274@gmail.com','8-Apr-1965');
insert into F21_S003_4_Customers values('CUST00019',9520148924,'India','ksraj729@yahoo.com','19-oct-1983');
insert into F21_S003_4_Customers values('CUST00020',6513478249,'USA','Sara6847@gmail.com','5-Jul-1973');
insert into F21_S003_4_Customers values('CUST00021',2645821356,'USA','vendivrr44@gmail.com','13-Jan-1997');
insert into F21_S003_4_Customers values('CUST00022',3268212156,'UK','tridivvenkater@gmail.com','25-Mar-2004');
insert into F21_S003_4_Customers values('CUST00023',9264522315,'India','santanmash389@hotmail.com','31-Aug-1976');
insert into F21_S003_4_Customers values('CUST00024',4386125795,'USA','nashn13@yahoo.com','17-Nov-1970');
insert into F21_S003_4_Customers values('CUST00025',1297643582,'UK','amysat928@hotmail.com','19-May-2000');
insert into F21_S003_4_Customers values('CUST00026',7315248692,'India','christopher12@gmail.com','19-Jul-1999');
insert into F21_S003_4_Customers values('CUST00027',2468532157,'USA','marlon5@gmail.com','29-Jan-2003');
insert into F21_S003_4_Customers values('CUST00028',6245812379,'USA','lucifer09@gmail.com','16-Feb-1989');
insert into F21_S003_4_Customers values('CUST00029',6541258765,'China','ryant30@gmail.com','10-Sep-1985');
insert into F21_S003_4_Customers values('CUST00030',5123654852,'Japan','luxphillie@hotmail.com','09-Oct-1993');
--------------------------------------------subscription------------------------------------------------------------------------------------------------------------
insert into  F21_S003_4_Subscription values('Sub00001','CUST00001','18-May-21');
insert into  F21_S003_4_Subscription values('Sub00002','CUST00002','09-Jun-21');
insert into  F21_S003_4_Subscription values('Sub00003','CUST00003','09-Oct-21');
insert into  F21_S003_4_Subscription values('Sub00004','CUST00004','21-Oct-21');
insert into  F21_S003_4_Subscription values('Sub00005','CUST00005','13-Jan-18');
insert into  F21_S003_4_Subscription values('Sub00006','CUST00006','28-Feb-21');
insert into  F21_S003_4_Subscription values('Sub00007','CUST00007','04-Jul-21');
insert into  F21_S003_4_Subscription values('Sub00008','CUST00008','31-Aug-21');
insert into  F21_S003_4_Subscription values('Sub00009','CUST00009','20-Oct-21');
insert into  F21_S003_4_Subscription values('Sub00010','CUST00010','15-Nov-21');
insert into  F21_S003_4_Subscription values('Sub00011','CUST00011','09-Mar-18');
insert into  F21_S003_4_Subscription values('Sub00012','CUST00012','07-Jan-21');
insert into  F21_S003_4_Subscription values('Sub00013','CUST00013','21-Feb-21');
insert into  F21_S003_4_Subscription values('Sub00014','CUST00014','16-Apr-21');
insert into  F21_S003_4_Subscription values('Sub00015','CUST00015','11-Sep-21');
insert into  F21_S003_4_Subscription values('Sub00016','CUST00016','10-Jun-18');
insert into  F21_S003_4_Subscription values('Sub00017','CUST00017','02-Jul-21');
insert into  F21_S003_4_Subscription values('Sub00018','CUST00018','27-Aug-21');
insert into  F21_S003_4_Subscription values('Sub00019','CUST00019','23-Sep-21');
insert into  F21_S003_4_Subscription values('Sub00020','CUST00020','06-Oct-21');
insert into  F21_S003_4_Subscription values('Sub00021','CUST00021','14-Nov-21');
insert into  F21_S003_4_Subscription values('Sub00022','CUST00022','28-Jan-21');
insert into  F21_S003_4_Subscription values('Sub00023','CUST00023','12-Feb-16');
insert into  F21_S003_4_Subscription values('Sub00024','CUST00024','26-Apr-21');
insert into  F21_S003_4_Subscription values('Sub00025','CUST00025','17-May-21');
insert into  F21_S003_4_Subscription values('Sub00026','CUST00026','14-Feb-16');
insert into  F21_S003_4_Subscription values('Sub00027','CUST00027','15-Mar-16');
insert into  F21_S003_4_Subscription values('Sub00028','CUST00028','05-Jun-21');
insert into  F21_S003_4_Subscription values('Sub00029','CUST00029','16-Apr-15');
insert into  F21_S003_4_Subscription values('Sub00030','CUST00030','21-Aug-21');
----------------------------------------------------------------------------------Devices-------------------------------------------------------
insert into F21_S003_4_Devices values('DEV00001','T.V','10.219.164.230','CUST00001');
insert into F21_S003_4_Devices values('DEV00002','Mobile','10.219.164.231','CUST00002');
insert into F21_S003_4_Devices values('DEV00003','Mobile','10.219.164.232','CUST00003');
insert into F21_S003_4_Devices values('DEV00004','Laptop','10.219.164.233','CUST00004');
insert into F21_S003_4_Devices values('DEV00005','T.V','10.219.164.234','CUST00001');
insert into F21_S003_4_Devices values('DEV00006','T.V','10.219.164.235','CUST00006');
insert into F21_S003_4_Devices values('DEV00007','Laptop','10.219.164.236','CUST00006');
insert into F21_S003_4_Devices values('DEV00008','Mobile','10.219.164.237','CUST00007');
insert into F21_S003_4_Devices values('DEV00009','Laptop','10.219.164.238','CUST00008');
insert into F21_S003_4_Devices values('DEV00010','T.V','10.219.164.239','CUST00009');
insert into F21_S003_4_Devices values('DEV00011','Mobile','10.219.164.240','CUST00010');
insert into F21_S003_4_Devices values('DEV00012','Mobile','10.219.164.241','CUST00012');
insert into F21_S003_4_Devices values('DEV00013','T.V','10.219.164.242','CUST00013');
insert into F21_S003_4_Devices values('DEV00014','Laptop','10.219.164.243','CUST00010');
insert into F21_S003_4_Devices values('DEV00015','Mobile','10.219.164.244','CUST00012');
insert into F21_S003_4_Devices values('DEV00016','Mobile','10.219.164.245','CUST00013');
insert into F21_S003_4_Devices values('DEV00017','T.V','10.219.164.246','CUST00014');
insert into F21_S003_4_Devices values('DEV00018','Laptop','10.219.164.247','CUST00015');
insert into F21_S003_4_Devices values('DEV00019','Mobile','10.219.164.248','CUST00017');
insert into F21_S003_4_Devices values('DEV00020','Mobile','10.219.164.249','CUST00018');
insert into F21_S003_4_Devices values('DEV00021','T.V','10.219.164.250','CUST00019');
insert into F21_S003_4_Devices values('DEV00022','Mobile','10.219.164.251','CUST00020');
insert into F21_S003_4_Devices values('DEV00023','Laptop','10.219.164.252','CUST00021');
insert into F21_S003_4_Devices values('DEV00024','T.V','10.219.164.253','CUST00022');
insert into F21_S003_4_Devices values('DEV00025','Mobile','10.219.164.254','CUST00024');
insert into F21_S003_4_Devices values('DEV00026','Mobile','10.219.164.227','CUST00025');
insert into F21_S003_4_Devices values('DEV00027','Laptop','10.219.164.228','CUST00018');
insert into F21_S003_4_Devices values('DEV00028','T.V','10.219.164.229','CUST00017');
insert into F21_S003_4_Devices values('DEV00029','Mobile','10.219.164.226','CUST00028');
insert into F21_S003_4_Devices values('DEV00030','Mobile','10.219.164.225','CUST00009');
insert into F21_S003_4_Devices values('DEV00031','Mobile','10.219.164.224','CUST00021');
insert into F21_S003_4_Devices values('DEV00032','Mobile','10.219.164.223','CUST00014');
insert into F21_S003_4_Devices values('DEV00033','Laptop','10.219.164.222','CUST00003');
insert into F21_S003_4_Devices values('DEV00034','T.V','10.219.164.221','CUST00018');
insert into F21_S003_4_Devices values('DEV00035','Laptop','10.219.164.220','CUST00024');
insert into F21_S003_4_Devices values('DEV00036','Mobile','10.209.150.218','CUST00005');
insert into F21_S003_4_Devices values('DEV00037','Mobile','10.209.150.219','CUST00011');
insert into F21_S003_4_Devices values('DEV00038','Laptop','10.209.150.220','CUST00016');
insert into F21_S003_4_Devices values('DEV00039','Mobile','10.209.150.221','CUST00023');
insert into F21_S003_4_Devices values('DEV00040','Mobile','10.209.150.222','CUST00026');
insert into F21_S003_4_Devices values('DEV00041','Mobile','10.209.150.223','CUST00027');
insert into F21_S003_4_Devices values('DEV00042','Mobile','10.209.150.224','CUST00029');
insert into F21_S003_4_Devices values('DEV00043','Mobile','10.209.150.225','CUST00030');
-----------------------------------------------------------------------------------------------------Stream----------------------------------------------------------------
insert into F21_S003_4_Stream values('ST00001','C_00001','CUST00001',2.5,160);
insert into F21_S003_4_Stream values('ST00002','C_00002','CUST00002',3.8,28);
insert into F21_S003_4_Stream values('ST00003','C_00003','CUST00003',4.2,129);
insert into F21_S003_4_Stream values('ST00004','C_00003','CUST00004',3.7,56);
insert into F21_S003_4_Stream values('ST00005','C_00004','CUST00007',2.7,34);
insert into F21_S003_4_Stream values('ST00006','C_00005','CUST00006',3.9,240);
insert into F21_S003_4_Stream values('ST00007','C_00005','CUST00001',4.9,64);
insert into F21_S003_4_Stream values('ST00008','C_00006','CUST00005',2.9,25);
insert into F21_S003_4_Stream values('ST00009','C_00007','CUST00008',3.5,46);
insert into F21_S003_4_Stream values('ST00010','C_00007','CUST00004',4.3,150);
insert into F21_S003_4_Stream values('ST00011','C_00008','CUST00009',3.6,24);
insert into F21_S003_4_Stream values('ST00012','C_00008','CUST00010',4.1,56);
insert into F21_S003_4_Stream values('ST00013','C_00008','CUST00001',2.8,75);
insert into F21_S003_4_Stream values('ST00014','C_00009','CUST00011',3.3,120);
insert into F21_S003_4_Stream values('ST00015','C_00010','CUST00003',4,134);
insert into F21_S003_4_Stream values('ST00016','C_00010','CUST00012',3.7,70);
insert into F21_S003_4_Stream values('ST00017','C_00010','CUST00007',3.4,120);
insert into F21_S003_4_Stream values('ST00018','C_00010','CUST00013',4.2,64);
insert into F21_S003_4_Stream values('ST00019','C_00010','CUST00002',2.8,72);
insert into F21_S003_4_Stream values('ST00020','C_00011','CUST00014',4.5,130);
insert into F21_S003_4_Stream values('ST00021','C_00012','CUST00015',3.8,46);
insert into F21_S003_4_Stream values('ST00022','C_00012','CUST00004',4.8,76);
insert into F21_S003_4_Stream values('ST00023','C_00012','CUST00016',3.9,42);
insert into F21_S003_4_Stream values('ST00024','C_00012','CUST00005',4.2,49);
insert into F21_S003_4_Stream values('ST00025','C_00013','CUST00001',2.6,140);
insert into F21_S003_4_Stream values('ST00026','C_00013','CUST00017',4.6,49);
insert into F21_S003_4_Stream values('ST00027','C_00014','CUST00003',1.6,34);
insert into F21_S003_4_Stream values('ST00028','C_00014','CUST00008',2.8,72);
insert into F21_S003_4_Stream values('ST00029','C_00015','CUST00019',4.3,110);
insert into F21_S003_4_Stream values('ST00030','C_00016','CUST00006',3.7,135);
insert into F21_S003_4_Stream values('ST00031','C_00016','CUST00001',2.9,90);
insert into F21_S003_4_Stream values('ST00032','C_00016','CUST00021',1.6,67);
insert into F21_S003_4_Stream values('ST00033','C_00017','CUST00009',2.9,46);
insert into F21_S003_4_Stream values('ST00034','C_00018','CUST00005',3.4,55);
insert into F21_S003_4_Stream values('ST00035','C_00018','CUST00022',4.6,160);
insert into F21_S003_4_Stream values('ST00036','C_00018','CUST00007',2.8,66);
insert into F21_S003_4_Stream values('ST00037','C_00019','CUST00025',4.5,123);
insert into F21_S003_4_Stream values('ST00038','C_00019','CUST00027',2.1,49);
insert into F21_S003_4_Stream values('ST00039','C_00019','CUST00001',3.3,76);
insert into F21_S003_4_Stream values('ST00040','C_00019','CUST00004',3.1,25);
insert into F21_S003_4_Stream values('ST00041','C_00019','CUST00016',4.6,48);
insert into F21_S003_4_Stream values('ST00042','C_00019','CUST00007',3.6,24);
insert into F21_S003_4_Stream values('ST00043','C_00019','CUST00030',3.2,176);
insert into F21_S003_4_Stream values('ST00044','C_00020','CUST00013',2.1,180);
insert into F21_S003_4_Stream values('ST00045','C_00020','CUST00006',4.5,76);
insert into F21_S003_4_Stream values('ST00046','C_00020','CUST00002',2.2,46);
insert into F21_S003_4_Stream values('ST00047','C_00021','CUST00005',3.7,24);
insert into F21_S003_4_Stream values('ST00048','C_00021','CUST00001',3.2,134);
insert into F21_S003_4_Stream values('ST00049','C_00021','CUST00019',3.4,153);
insert into F21_S003_4_Stream values('ST00050','C_00021','CUST00027',4.6,45);
insert into F21_S003_4_Stream values('ST00051','C_00022','CUST00023',2.3,162);
insert into F21_S003_4_Stream values('ST00052','C_00022','CUST00002',3.8,120);
insert into F21_S003_4_Stream values('ST00053','C_00022','CUST00030',3.3,49);
insert into F21_S003_4_Stream values('ST00054','C_00022','CUST00025',2.2,76);
insert into F21_S003_4_Stream values('ST00055','C_00022','CUST00011',4.4,84);
insert into F21_S003_4_Stream values('ST00056','C_00023','CUST00030',5,34);
insert into F21_S003_4_Stream values('ST00057','C_00023','CUST00005',3.1,160);
insert into F21_S003_4_Stream values('ST00058','C_00023','CUST00003',3.5,157);
insert into F21_S003_4_Stream values('ST00059','C_00023','CUST00006',4.2,149);
insert into F21_S003_4_Stream values('ST00060','C_00023','CUST00012',3.4,134);
insert into F21_S003_4_Stream values('ST00061','C_00023','CUST00007',3.3,167);
insert into F21_S003_4_Stream values('ST00062','C_00024','CUST00002',1.9,54);
insert into F21_S003_4_Stream values('ST00063','C_00024','CUST00004',4.3,76);
insert into F21_S003_4_Stream values('ST00064','C_00024','CUST00006',3.6,132);
insert into F21_S003_4_Stream values('ST00065','C_00024','CUST00004',4.6,167);
insert into F21_S003_4_Stream values('ST00066','C_00024','CUST00027',3.7,24);
insert into F21_S003_4_Stream values('ST00067','C_00024','CUST00014',2.3,16);
insert into F21_S003_4_Stream values('ST00068','C_00024','CUST00005',4.2,24);
insert into F21_S003_4_Stream values('ST00069','C_00024','CUST00017',3,167);
insert into F21_S003_4_Stream values('ST00070','C_00024','CUST00030',2.9,125);
insert into F21_S003_4_Stream values('ST00071','C_00025','CUST00002',2.4,52);
insert into F21_S003_4_Stream values('ST00072','C_00025','CUST00007',2.9,92);
insert into F21_S003_4_Stream values('ST00073','C_00025','CUST00003',3.5,120);
insert into F21_S003_4_Stream values('ST00074','C_00026','CUST00005',3.4,34);
insert into F21_S003_4_Stream values('ST00075','C_00026','CUST00004',4.1,160);
insert into F21_S003_4_Stream values('ST00076','C_00026','CUST00010',2.5,176);
insert into F21_S003_4_Stream values('ST00077','C_00027','CUST00013',3.2,24);
insert into F21_S003_4_Stream values('ST00078','C_00027','CUST00007',2.9,50);
insert into F21_S003_4_Stream values('ST00079','C_00027','CUST00023',4,60);
insert into F21_S003_4_Stream values('ST00080','C_00027','CUST00027',3.3,24);
insert into F21_S003_4_Stream values('ST00081','C_00027','CUST00001',2.6,135);
insert into F21_S003_4_Stream values('ST00082','C_00027','CUST00006',3.6,124);
insert into F21_S003_4_Stream values('ST00083','C_00027','CUST00015',4.1,24);
insert into F21_S003_4_Stream values('ST00084','C_00028','CUST00007',3.1,150);
insert into F21_S003_4_Stream values('ST00085','C_00028','CUST00002',4.6,130);
insert into F21_S003_4_Stream values('ST00086','C_00028','CUST00003',3.9,153);
insert into F21_S003_4_Stream values('ST00087','C_00028','CUST00004',5,100);
insert into F21_S003_4_Stream values('ST00088','C_00028','CUST00006',2.7,52);
insert into F21_S003_4_Stream values('ST00089','C_00028','CUST00030',3.7,142);
insert into F21_S003_4_Stream values('ST00090','C_00028','CUST00025',3.8,36);
insert into F21_S003_4_Stream values('ST00091','C_00028','CUST00016',4,76);
insert into F21_S003_4_Stream values('ST00092','C_00028','CUST00027',2.4,120);
insert into F21_S003_4_Stream values('ST00093','C_00029','CUST00005',3.7,135);
insert into F21_S003_4_Stream values('ST00094','C_00029','CUST00030',2.8,126);
insert into F21_S003_4_Stream values('ST00095','C_00029','CUST00014',3.5,76);
insert into F21_S003_4_Stream values('ST00096','C_00030','CUST00023',3.7,91);
insert into F21_S003_4_Stream values('ST00097','C_00030','CUST00024',2.8,76);
insert into F21_S003_4_Stream values('ST00098','C_00030','CUST00007',4.6,52);
insert into F21_S003_4_Stream values('ST00099','C_00030','CUST00001',2.8,76);
insert into F21_S003_4_Stream values('ST00100','C_00030','CUST00004',3.8,62);
insert into F21_S003_4_Stream values('ST00101','C_00001','CUST00018',2.6,76);
insert into F21_S003_4_Stream values('ST00102','C_00002','CUST00021',3.6,123);
insert into F21_S003_4_Stream values('ST00103','C_00003','CUST00014',5,154);
insert into F21_S003_4_Stream values('ST00104','C_00003','CUST00027',4.6,193);
insert into F21_S003_4_Stream values('ST00105','C_00004','CUST00010',3.9,56);
insert into F21_S003_4_Stream values('ST00106','C_00005','CUST00027',2.7,76);
insert into F21_S003_4_Stream values('ST00107','C_00005','CUST00015',3.7,86);
insert into F21_S003_4_Stream values('ST00108','C_00006','CUST00030',3.8,103);
insert into F21_S003_4_Stream values('ST00109','C_00007','CUST00013',3.9,26);
insert into F21_S003_4_Stream values('ST00110','C_00007','CUST00028',2.9,92);
insert into F21_S003_4_Stream values('ST00111','C_00008','CUST00019',4.9,43);
insert into F21_S003_4_Stream values('ST00112','C_00008','CUST00011',3.5,160);
insert into F21_S003_4_Stream values('ST00113','C_00008','CUST00027',4,157);
insert into F21_S003_4_Stream values('ST00114','C_00009','CUST00027',3.7,132);
insert into F21_S003_4_Stream values('ST00115','C_00010','CUST00023',3.1,54);
insert into F21_S003_4_Stream values('ST00116','C_00010','CUST00014',4.6,24);
insert into F21_S003_4_Stream values('ST00117','C_00010','CUST00026',3,156);
insert into F21_S003_4_Stream values('ST00118','C_00010','CUST00020',2.5,143);
insert into F21_S003_4_Stream values('ST00119','C_00010','CUST00027',3.4,26);
insert into F21_S003_4_Stream values('ST00120','C_00011','CUST00024',4.5,154);
insert into F21_S003_4_Stream values('ST00121','C_00012','CUST00012',4.8,76);
insert into F21_S003_4_Stream values('ST00122','C_00012','CUST00010',2.6,23);
insert into F21_S003_4_Stream values('ST00123','C_00012','CUST00027',3.9,136);
insert into F21_S003_4_Stream values('ST00124','C_00012','CUST00029',2.9,148);
insert into F21_S003_4_Stream values('ST00125','C_00013','CUST00023',3.2,24);
insert into F21_S003_4_Stream values('ST00126','C_00013','CUST00029',2.5,153);
insert into F21_S003_4_Stream values('ST00127','C_00014','CUST00015',4.7,164);
insert into F21_S003_4_Stream values('ST00128','C_00014','CUST00026',3.3,190);
insert into F21_S003_4_Stream values('ST00129','C_00015','CUST00011',2.5,146);
insert into F21_S003_4_Stream values('ST00130','C_00016','CUST00029',3.8,183);
insert into F21_S003_4_Stream values('ST00131','C_00016','CUST00009',3.3,70);
insert into F21_S003_4_Stream values('ST00132','C_00016','CUST00027',3.6,81);
insert into F21_S003_4_Stream values('ST00133','C_00017','CUST00025',4.8,34);
insert into F21_S003_4_Stream values('ST00134','C_00018','CUST00029',2.9,19);
insert into F21_S003_4_Stream values('ST00135','C_00018','CUST00015',3.8,23);
insert into F21_S003_4_Stream values('ST00136','C_00018','CUST00012',3.2,120);
insert into F21_S003_4_Stream values('ST00137','C_00019','CUST00018',4.6,200);
insert into F21_S003_4_Stream values('ST00138','C_00019','CUST00026',2.6,146);
insert into F21_S003_4_Stream values('ST00139','C_00019','CUST00029',3.2,61);
insert into F21_S003_4_Stream values('ST00140','C_00019','CUST00010',3.4,94);
insert into F21_S003_4_Stream values('ST00141','C_00019','CUST00030',2.5,75);
insert into F21_S003_4_Stream values('ST00142','C_00019','CUST00011',3.1,164);
insert into F21_S003_4_Stream values('ST00143','C_00019','CUST00028',4.7,182);
insert into F21_S003_4_Stream values('ST00144','C_00020','CUST00029',3.7,137);
insert into F21_S003_4_Stream values('ST00145','C_00020','CUST00024',3.5,164);
insert into F21_S003_4_Stream values('ST00146','C_00020','CUST00004',2.7,199);
insert into F21_S003_4_Stream values('ST00147','C_00021','CUST00015',4.5,23);
insert into F21_S003_4_Stream values('ST00148','C_00021','CUST00029',2.5,46);
insert into F21_S003_4_Stream values('ST00149','C_00021','CUST00026',3.9,58);
insert into F21_S003_4_Stream values('ST00150','C_00021','CUST00030',2.4,49);
insert into F21_S003_4_Stream values('ST00151','C_00022','CUST00005',2.7,92);
insert into F21_S003_4_Stream values('ST00152','C_00022','CUST00008',3.7,83);
insert into F21_S003_4_Stream values('ST00153','C_00022','CUST00029',3.4,146);
insert into F21_S003_4_Stream values('ST00154','C_00022','CUST00024',4.9,145);
insert into F21_S003_4_Stream values('ST00155','C_00022','CUST00030',2.7,24);
insert into F21_S003_4_Stream values('ST00156','C_00023','CUST00013',3.1,46);
insert into F21_S003_4_Stream values('ST00157','C_00023','CUST00028',3.8,82);
insert into F21_S003_4_Stream values('ST00158','C_00023','CUST00026',2.8,134);
insert into F21_S003_4_Stream values('ST00159','C_00023','CUST00019',4.4,65);
insert into F21_S003_4_Stream values('ST00160','C_00023','CUST00029',3.6,79);
insert into F21_S003_4_Stream values('ST00161','C_00023','CUST00018',2.4,194);
insert into F21_S003_4_Stream values('ST00162','C_00024','CUST00003',3.6,165);
insert into F21_S003_4_Stream values('ST00163','C_00024','CUST00004',4.5,146);
insert into F21_S003_4_Stream values('ST00164','C_00024','CUST00012',2.9,135);
insert into F21_S003_4_Stream values('ST00165','C_00024','CUST00030',3.7,84);
insert into F21_S003_4_Stream values('ST00166','C_00024','CUST00009',4.2,164);
insert into F21_S003_4_Stream values('ST00167','C_00024','CUST00029',4.3,49);
insert into F21_S003_4_Stream values('ST00168','C_00024','CUST00020',2.3,49);
insert into F21_S003_4_Stream values('ST00169','C_00024','CUST00015',3.5,65);
insert into F21_S003_4_Stream values('ST00170','C_00024','CUST00011',3.8,34);
insert into F21_S003_4_Stream values('ST00171','C_00025','CUST00027',3.6,76);
insert into F21_S003_4_Stream values('ST00172','C_00025','CUST00026',3.2,120);
insert into F21_S003_4_Stream values('ST00173','C_00025','CUST00008',2.3,116);
insert into F21_S003_4_Stream values('ST00174','C_00026','CUST00028',2.8,75);
insert into F21_S003_4_Stream values('ST00175','C_00026','CUST00024',3.4,46);
insert into F21_S003_4_Stream values('ST00176','C_00026','CUST00017',3.2,82);
insert into F21_S003_4_Stream values('ST00177','C_00027','CUST00029',4.2,76);
insert into F21_S003_4_Stream values('ST00178','C_00027','CUST00028',2.8,34);
insert into F21_S003_4_Stream values('ST00179','C_00027','CUST00012',2.9,62);
insert into F21_S003_4_Stream values('ST00180','C_00027','CUST00025',3.5,82);
insert into F21_S003_4_Stream values('ST00181','C_00027','CUST00030',2.2,120);
insert into F21_S003_4_Stream values('ST00182','C_00027','CUST00013',3.5,163);
insert into F21_S003_4_Stream values('ST00183','C_00027','CUST00008',3.9,162);
insert into F21_S003_4_Stream values('ST00184','C_00028','CUST00030',4,134);
insert into F21_S003_4_Stream values('ST00185','C_00028','CUST00011',3.3,143);
insert into F21_S003_4_Stream values('ST00186','C_00028','CUST00021',2.2,192);
insert into F21_S003_4_Stream values('ST00187','C_00028','CUST00029',2.7,176);
insert into F21_S003_4_Stream values('ST00188','C_00028','CUST00012',3.4,82);
insert into F21_S003_4_Stream values('ST00189','C_00028','CUST00028',3.2,76);
insert into F21_S003_4_Stream values('ST00190','C_00028','CUST00024',2.1,92);
insert into F21_S003_4_Stream values('ST00191','C_00028','CUST00026',3.2,72);
insert into F21_S003_4_Stream values('ST00192','C_00028','CUST00009',4.1,92);
insert into F21_S003_4_Stream values('ST00193','C_00029','CUST00025',3.5,135);
insert into F21_S003_4_Stream values('ST00194','C_00029','CUST00010',2.9,143);
insert into F21_S003_4_Stream values('ST00195','C_00029','CUST00020',3.1,146);
insert into F21_S003_4_Stream values('ST00196','C_00030','CUST00021',2.9,180);
insert into F21_S003_4_Stream values('ST00197','C_00030','CUST00014',2.1,172);
insert into F21_S003_4_Stream values('ST00198','C_00030','CUST00009',4,65);
insert into F21_S003_4_Stream values('ST00199','C_00030','CUST00018',3.3,143);
insert into F21_S003_4_Stream values('ST00200','C_00030','CUST00008',3,98);
----------------------------------------------------------------------Loginfo----------------------------------------------------------------------------------------

insert into F21_S003_4_LogInfo values(1,'03-Mar-21 10:10 00 AM','03-Mar-21 11:10 00 AM','CUST00001','DEV00001');
insert into F21_S003_4_LogInfo values(2,'15-Jan-18 10:10 11 AM','15-Jan-18 11:10 11 AM','CUST00005','DEV00036');
insert into F21_S003_4_LogInfo values(3,'15-Mar-18 02:10 11 PM','15-Mar-18 03:10 11 PM','CUST00011','DEV00037');
insert into F21_S003_4_LogInfo values(4,'21-Jun-18 03:30 11 PM','21-Jun-18 04:30 11 PM','CUST00016','DEV00038');
insert into F21_S003_4_LogInfo values(5,'23-Mar-16 04:30 44 PM','23-Mar-16 05:30 44 PM','CUST00023','DEV00039');
insert into F21_S003_4_LogInfo values(6,'16-Mar-16 08:30 55 AM','16-Mar-16 09:30 55 AM','CUST00027','DEV00041');
insert into F21_S003_4_LogInfo values(7,'14-Feb-16 08:30 44 PM','14-Feb-16 09:30 44 PM','CUST00026','DEV00040');
insert into F21_S003_4_LogInfo values(8,'04-Mar-21 10:10 00 AM','04-Mar-21 11:10 00 AM','CUST00001','DEV00001');
insert into F21_S003_4_LogInfo values(9,'20-Jan-18 11:10 11 AM','20-Jan-18 12:10 11 PM','CUST00005','DEV00036');
insert into F21_S003_4_LogInfo values(10,'20-Apr-18 10:10 11 AM','20-Apr-18 11:10 11 AM','CUST00011','DEV00037');
insert into F21_S003_4_LogInfo values(11,'27-Jul-18 02:10 11 PM','27-Jul-18 03:10 11 PM','CUST00016','DEV00038');
insert into F21_S003_4_LogInfo values(12,'10-Apr-16 03:30 11 PM','10-Apr-16 04:30 11 PM','CUST00023','DEV00039');
insert into F21_S003_4_LogInfo values(13,'29-Mar-16 05:34 44 PM','29-Mar-16 06:34 44 PM','CUST00026','DEV00040');
insert into F21_S003_4_LogInfo values(14,'16-Feb-16 09:30 44 AM','16-Feb-16 10:30 44 AM','CUST00027','DEV00041');
insert into F21_S003_4_LogInfo values(15,'09-Jun-21 11:30 30 AM','09-Jun-21 12:30 30 PM','CUST00002','DEV00002');
insert into F21_S003_4_LogInfo values(16,'09-Oct-21 11:30 30 AM','09-Oct-21 12:30 30 PM','CUST00003','DEV00003');
insert into F21_S003_4_LogInfo values(17,'21-Oct-21 05:34 44 PM','21-Oct-21 06:34 44 PM','CUST00004','DEV00004');
insert into F21_S003_4_LogInfo values(18,'16-Apr-15 10:45 44 AM','16-Apr-15 11:45 44 AM','CUST00029','DEV00042');
insert into F21_S003_4_LogInfo values(19,'10-Jun-21 11:30 30 AM','10-Jun-21 12:30 30 PM','CUST00002','DEV00002');
insert into F21_S003_4_LogInfo values(20,'22-Oct-21 05:34 44 PM','22-Oct-21 06:34 44 PM','CUST00004','DEV00004');
insert into F21_S003_4_LogInfo values(21,'13-Jan-18 05:34 44 PM','13-Jan-18 06:34 44 PM','CUST00005','DEV00036');
insert into F21_S003_4_LogInfo values(22,'05-Mar-21 10:10 00 AM','05-Mar-21 11:10 00 AM','CUST00001','DEV00005');
insert into F21_S003_4_LogInfo values(23,'28-Feb-21 05:34 44 PM','28-Feb-21 06:34 44 PM','CUST00006','DEV00006');
insert into F21_S003_4_LogInfo values(24,'04-Jul-21 05:34 44 PM','04-Jul-21 06:34 44 PM','CUST00007','DEV00008');
insert into F21_S003_4_LogInfo values(25,'31-Aug-21 05:34 44 PM','31-Aug-21 06:34 44 PM','CUST00008','DEV00009');
insert into F21_S003_4_LogInfo values(26,'20-Oct-21 05:34 44 PM','20-Oct-21 06:34 44 PM','CUST00009','DEV00010');
insert into F21_S003_4_LogInfo values(27,'21-Apr-15 09:30 44 AM','21-Apr-15 10:30 44 AM','CUST00029','DEV00042');
insert into F21_S003_4_LogInfo values(28,'11-Jun-21 11:30 30 AM','11-Jun-21 12:30 30 PM','CUST00002','DEV00002');
insert into F21_S003_4_LogInfo values(29,'10-Oct-21 11:30 30 AM','10-Oct-21 12:30 30 PM','CUST00003','DEV00003');
insert into F21_S003_4_LogInfo values(30,'23-Oct-21 05:34 44 PM','23-Oct-21 06:34 44 PM','CUST00004','DEV00004');
insert into F21_S003_4_LogInfo values(31,'01-Sep-21 05:34 44 PM','01-Sep-21 06:34 44 PM','CUST00008','DEV00009');
insert into F21_S003_4_LogInfo values(32,'15-Nov-21 05:34 44 PM','15-Nov-21 06:34 44 PM','CUST00010','DEV00011');
insert into F21_S003_4_LogInfo values(33,'07-Jan-21 05:34 44 PM','07-Jan-21 06:34 44 PM','CUST00012','DEV00012');
insert into F21_S003_4_LogInfo values(34,'21-Feb-21 05:34 44 PM','21-Feb-21 06:34 44 PM','CUST00013','DEV00016');
insert into F21_S003_4_LogInfo values(35,'01-Mar-21 05:34 44 PM','01-Mar-21 06:34 44 PM','CUST00006','DEV00006');
insert into F21_S003_4_LogInfo values(36,'06-Mar-21 10:10 00 AM','06-Mar-21 11:10 00 AM','CUST00001','DEV00005');
insert into F21_S003_4_LogInfo values(37,'12-Jun-21 11:30 30 AM','13-Jun-21 12:30 30 PM','CUST00002','DEV00002');
insert into F21_S003_4_LogInfo values(38,'12-Oct-21 11:30 30 AM','12-Oct-21 12:30 30 PM','CUST00003','DEV00033');
insert into F21_S003_4_LogInfo values(39,'24-Oct-21 05:34 44 PM','24-Oct-21 06:34 44 PM','CUST00004','DEV00004');
insert into F21_S003_4_LogInfo values(40,'01-Sep-21 05:34 44 PM','01-Sep-21 06:34 44 PM','CUST00008','DEV00009');
insert into F21_S003_4_LogInfo values(41,'07-Jan-21 05:34 44 PM','07-Jan-21 06:34 44 PM','CUST00012','DEV00015');
insert into F21_S003_4_LogInfo values(42,'16-Nov-21 05:34 44 PM','16-Nov-21 06:34 44 PM','CUST00010','DEV00014');
insert into F21_S003_4_LogInfo values(43,'21-Oct-21 05:34 44 PM','21-Oct-21 06:34 44 PM','CUST00009','DEV00030');
insert into F21_S003_4_LogInfo values(44,'01-Sep-21 05:34 44 PM','01-Sep-21 06:34 44 PM','CUST00008','DEV00009');
insert into F21_S003_4_LogInfo values(45,'02-Mar-21 05:34 44 PM','02-Mar-21 06:34 44 PM','CUST00006','DEV00007');
insert into F21_S003_4_LogInfo values(46,'11-Oct-21 11:30 30 AM','11-Oct-21 12:30 30 PM','CUST00003','DEV00033');
insert into F21_S003_4_LogInfo values(47,'13-Jun-21 11:30 30 AM','14-Jun-21 12:30 30 PM','CUST00002','DEV00002');
insert into F21_S003_4_LogInfo values(48,'07-Mar-21 10:10 00 AM','07-Mar-21 11:10 00 AM','CUST00001','DEV00005');
insert into F21_S003_4_LogInfo values(49,'25-Oct-21 05:34 44 PM','25-Oct-21 06:34 44 PM','CUST00004','DEV00004');
insert into F21_S003_4_LogInfo values(50,'05-Jul-21 05:34 44 PM','05-Jul-21 06:34 44 PM','CUST00007','DEV00008');
insert into F21_S003_4_LogInfo values(51,'21-Feb-21 05:34 44 PM','21-Feb-21 06:34 44 PM','CUST00013','DEV00013');
insert into F21_S003_4_LogInfo values(52,'16-Apr-21 10:10 00 AM','16-Apr-21 11:10 00 AM','CUST00014','DEV00017');
insert into F21_S003_4_LogInfo values(53,'11-Sep-21 05:34 44 PM','11-Sep-21 06:34 44 PM','CUST00015','DEV00018');
insert into F21_S003_4_LogInfo values(54,'02-Jul-21 05:34 44 PM','02-Jul-21 06:34 44 PM','CUST00017','DEV00019');
insert into F21_S003_4_LogInfo values(55,'23-Sep-21 05:34 44 PM','23-Sep-21 06:34 44 PM','CUST00019','DEV00021');
insert into F21_S003_4_LogInfo values(56,'14-Nov-21 05:34 44 PM','14-Nov-21 06:34 44 PM','CUST00021','DEV00023');
insert into F21_S003_4_LogInfo values(57,'28-Jan-21 10:10 00 AM','28-Jan-21 11:10 00 AM','CUST00022','DEV00024');
insert into F21_S003_4_LogInfo values(58,'17-Apr-21 10:10 00 AM','17-Apr-21 11:10 00 AM','CUST00014','DEV00032');
insert into F21_S003_4_LogInfo values(59,'05-Jun-21 11:30 30 AM','05-Jun-21 12:30 30 AM','CUST00028','DEV00029');
insert into F21_S003_4_LogInfo values(60,'06-Oct-21 05:34 44 PM','06-Oct-21 06:34 44 PM','CUST00020','DEV00022');
insert into F21_S003_4_LogInfo values(61,'28-Jan-21 10:10 00 AM','28-Jan-21 11:10 00 AM','CUST00022','DEV00024');
insert into F21_S003_4_LogInfo values(62,'11-Sep-21 05:34 44 PM','11-Sep-21 06:34 44 PM','CUST00015','DEV00018');
insert into F21_S003_4_LogInfo values(63,'23-Sep-21 05:34 44 PM','23-Sep-21 06:34 44 PM','CUST00019','DEV00021');
insert into F21_S003_4_LogInfo values(64,'02-Jul-21 05:34 44 PM','02-Jul-21 06:34 44 PM','CUST00017','DEV00019');
insert into F21_S003_4_LogInfo values(65,'26-Apr-21 10:10 00 AM','26-Apr-21 11:10 00 AM','CUST00024','DEV00025');
insert into F21_S003_4_LogInfo values(66,'17-May-21 10:10 00 AM','17-May-21 11:10 00 AM','CUST00025','DEV00026');
insert into F21_S003_4_LogInfo values(67,'21-Aug-21 05:34 44 PM','21-Aug-21 06:34 44 PM','CUST00030','DEV00043');
insert into F21_S003_4_LogInfo values(68,'07-Oct-21 05:34 44 PM','07-Oct-21 06:34 44 PM','CUST00020','DEV00022');
insert into F21_S003_4_LogInfo values(69,'27-Aug-21 05:34 44 PM','27-Aug-21 06:34 44 PM','CUST00018','DEV00020');
insert into F21_S003_4_LogInfo values(70,'15-Nov-21 05:34 44 PM','15-Nov-21 06:34 44 PM','CUST00021','DEV00031');
insert into F21_S003_4_LogInfo values(71,'26-Apr-21 10:10 00 AM','26-Apr-21 11:10 00 AM','CUST00024','DEV00035');
insert into F21_S003_4_LogInfo values(72,'17-May-21 10:10 00 AM','17-May-21 11:10 00 AM','CUST00025','DEV00026');
insert into F21_S003_4_LogInfo values(73,'22-Aug-21 05:34 44 PM','22-Aug-21 06:34 44 PM','CUST00030','DEV00043');
insert into F21_S003_4_LogInfo values(74,'06-Jun-21 11:30 30 AM','06-Jun-21 12:30 30 PM','CUST00028','DEV00029');
insert into F21_S003_4_LogInfo values(75,'29-Aug-21 05:34 44 PM','29-Aug-21 06:34 44 PM','CUST00018','DEV00034');
------------------------------------------------------------------------------------------Devicename------------------------------------------------------------------

insert into F21_S003_4_Device_DeviceName values('DEV00001','Samiphone11');
insert into F21_S003_4_Device_DeviceName values('DEV00002','Layalenovo01');
insert into F21_S003_4_Device_DeviceName values('DEV00003','JamesBravia820');
insert into F21_S003_4_Device_DeviceName values('DEV00004','MarysamsungnoteS5');
insert into F21_S003_4_Device_DeviceName values('DEV00004','galaxy568');
insert into F21_S003_4_Device_DeviceName values('DEV00005','Raj-mac');
insert into F21_S003_4_Device_DeviceName values('DEV00006','samsungtv');
insert into F21_S003_4_Device_DeviceName values('DEV00007','HP01');
insert into F21_S003_4_Device_DeviceName values('DEV00008','Sony32');
insert into F21_S003_4_Device_DeviceName values('DEV00009','iphone13');
insert into F21_S003_4_Device_DeviceName values('DEV00010','Notepad-3');
insert into F21_S003_4_Device_DeviceName values('DEV00011','iggram00');
insert into F21_S003_4_Device_DeviceName values('DEV00011','Sai-iphone');
insert into F21_S003_4_Device_DeviceName values('DEV00012','redimi4s');
insert into F21_S003_4_Device_DeviceName values('DEV00013','Honor11-Jai');
insert into F21_S003_4_Device_DeviceName values('DEV00014','bravia160');
insert into F21_S003_4_Device_DeviceName values('DEV00015','SohaTV');
insert into F21_S003_4_Device_DeviceName values('DEV00016','Lgsista');
insert into F21_S003_4_Device_DeviceName values('DEV00017','Ivy macbook');
insert into F21_S003_4_Device_DeviceName values('DEV00018','1plusTV');
insert into F21_S003_4_Device_DeviceName values('DEV00019','Air mesh');
insert into F21_S003_4_Device_DeviceName values('DEV00020','sonyA9');
insert into F21_S003_4_Device_DeviceName values('DEV00021','Dell0420');
insert into F21_S003_4_Device_DeviceName values('DEV00022','SaiLakshmi');
insert into F21_S003_4_Device_DeviceName values('DEV00023','RajKumar');
insert into F21_S003_4_Device_DeviceName values('DEV00024','skyvue03');
insert into F21_S003_4_Device_DeviceName values('DEV00024','Nokias79');
insert into F21_S003_4_Device_DeviceName values('DEV00025','Srihari');
insert into F21_S003_4_Device_DeviceName values('DEV00026','TCLclass50');
insert into F21_S003_4_Device_DeviceName values('DEV00027','Inspiron7506');
insert into F21_S003_4_Device_DeviceName values('DEV00028','Jaison');
insert into F21_S003_4_Device_DeviceName values('DEV00029','Fusion1');
insert into F21_S003_4_Device_DeviceName values('DEV00030','intels9');
insert into F21_S003_4_Device_DeviceName values('DEV00031','GunPark');
insert into F21_S003_4_Device_DeviceName values('DEV00032','Nolan');
insert into F21_S003_4_Device_DeviceName values('DEV00032','Westingside5');
insert into F21_S003_4_Device_DeviceName values('DEV00033','Nelson');
insert into F21_S003_4_Device_DeviceName values('DEV00034','galaxyloreal');
insert into F21_S003_4_Device_DeviceName values('DEV00035','Galaxy');
insert into F21_S003_4_Device_DeviceName values('DEV00036','OppoReno');
insert into F21_S003_4_Device_DeviceName values('DEV00037','NeoPlus');
insert into F21_S003_4_Device_DeviceName values('DEV00038','NeoPlusbook');
insert into F21_S003_4_Device_DeviceName values('DEV00039','chromebook');
insert into F21_S003_4_Device_DeviceName values('DEV00040','chromweplus');
insert into F21_S003_4_Device_DeviceName values('DEV00041','galaxyneo');
insert into F21_S003_4_Device_DeviceName values('DEV00042','tabneo');
insert into F21_S003_4_Device_DeviceName values('DEV00043','tabneoplus');
----------------------------------------------------------------------------------language-----------------------------------------------------------------------
insert into F21_S003_4_Content_Language values('C_00001','English');
insert into F21_S003_4_Content_Language values('C_00002','Hindi');
insert into F21_S003_4_Content_Language values('C_00003','Spanish');
insert into F21_S003_4_Content_Language values('C_00004','Korean');
insert into F21_S003_4_Content_Language values('C_00005','Hindi');
insert into F21_S003_4_Content_Language values('C_00006','Hindi');
insert into F21_S003_4_Content_Language values('C_00007','English');
insert into F21_S003_4_Content_Language values('C_00008','Hindi');
insert into F21_S003_4_Content_Language values('C_00009','Korean');
insert into F21_S003_4_Content_Language values('C_00010','Spanish');
insert into F21_S003_4_Content_Language values('C_00011','English');
insert into F21_S003_4_Content_Language values('C_00012','English');
insert into F21_S003_4_Content_Language values('C_00013','Hindi');
insert into F21_S003_4_Content_Language values('C_00014','Spanish');
insert into F21_S003_4_Content_Language values('C_00015','Korean');
insert into F21_S003_4_Content_Language values('C_00016','English');
insert into F21_S003_4_Content_Language values('C_00017','Hindi');
insert into F21_S003_4_Content_Language values('C_00018','English');
insert into F21_S003_4_Content_Language values('C_00019','Spanish');
insert into F21_S003_4_Content_Language values('C_00020','Korean');
insert into F21_S003_4_Content_Language values('C_00021','Spanish');
insert into F21_S003_4_Content_Language values('C_00022','Hindi');
insert into F21_S003_4_Content_Language values('C_00023','English');
insert into F21_S003_4_Content_Language values('C_00024','Korean');
insert into F21_S003_4_Content_Language values('C_00025','Hindi');
insert into F21_S003_4_Content_Language values('C_00026','English');
insert into F21_S003_4_Content_Language values('C_00027','Hindi');
insert into F21_S003_4_Content_Language values('C_00028','English');
insert into F21_S003_4_Content_Language values('C_00029','Korean');
insert into F21_S003_4_Content_Language values('C_00030','English');

